-- restaurants
INSERT IGNORE INTO restaurants (restaurant_id, name, image, description, price_range, lunch_opening_time, lunch_closing_time, dinner_opening_time, dinner_closing_time, postal_code, address, phone_number,close_days, created_at) VALUES (1, '和み屋', 'restaurant11.jpg', '旬の食材を使った限定メニューが人気です。あたたかいサービスとおいしい料理でお迎えします。', '1000～2000円', '11:00:00', '14:00:00', NULL, NULL, '123-4567', '愛知県名古屋市中区栄3丁目12-15', '052-1234-5678', '不定休', '2025-04-01');
INSERT IGNORE INTO restaurants (restaurant_id, name, image, description, price_range, lunch_opening_time, lunch_closing_time, dinner_opening_time, dinner_closing_time, postal_code, address, phone_number,close_days, created_at) VALUES (2, '洋食キッチン パレット', 'restaurant01.jpg', '旬の食材を使った限定メニューが人気です。あたたかいサービスとおいしい料理でお迎えします。', '～1000円', '11:00:00', '14:00:00', '17:00:00', '21:00:00', '123-4567', '愛知県名古屋市中区××2丁目2-12', '052-1234-5678', '火曜日','2025-04-01');
INSERT IGNORE INTO restaurants (restaurant_id, name, image, description, price_range, lunch_opening_time, lunch_closing_time, dinner_opening_time, dinner_closing_time, postal_code, address, phone_number,close_days, created_at) VALUES (3, '桃源郷', 'restaurant04.jpg', '旬の食材を使った限定メニューが人気です。あたたかいサービスとおいしい料理でお迎えします。', '4000円～', NULL, '14:00:00', '18:00:00', NULL, '123-4567', '愛知県名古屋市中区××3丁目3-12', '052-1234-5678', '金曜日', '2025-04-01');
INSERT IGNORE INTO restaurants (restaurant_id, name, image, description, price_range, lunch_opening_time, lunch_closing_time, dinner_opening_time, dinner_closing_time, postal_code, address, phone_number,close_days, created_at) VALUES (4, 'カフェ こもれび', 'restaurant07.jpg', '旬の食材を使った限定メニューが人気です。あたたかいサービスとおいしい料理でお迎えします。', '4000円～', '12:00:00', '14:30:00', NULL, NULL, '123-4567', '愛知県名古屋市中区××4丁目4-12', '052-1234-5678', '日曜日', '2025-04-01');
INSERT IGNORE INTO restaurants (restaurant_id, name, image, description, price_range, lunch_opening_time, lunch_closing_time, dinner_opening_time, dinner_closing_time, postal_code, address, phone_number,close_days, created_at) VALUES (5, 'いっせい', 'restaurant05.jpg', '旬の食材を使った限定メニューが人気です。あたたかいサービスとおいしい料理でお迎えします。', '1000～2000円', '11:30:00', '14:30:00', '18:00:00', '20:00:00', '123-4567', '愛知県名古屋市中区××5丁目5-12', '052-1234-5678', '月曜日', '2025-04-01');
INSERT IGNORE INTO restaurants (restaurant_id, name, image, description, price_range, lunch_opening_time, lunch_closing_time, dinner_opening_time, dinner_closing_time, postal_code, address, phone_number,close_days, created_at) VALUES (6, '炭火焼と酒 はまのや', 'restaurant14.jpg', '旬の食材を使った限定メニューが人気です。あたたかいサービスとおいしい料理でお迎えします。', '～1000円', NULL, NULL, '17:00:00', '22:00:00', '123-4567', '愛知県名古屋市中区××6丁目6-12', '052-1234-5678', '月曜日', '2025-04-01');
INSERT IGNORE INTO restaurants (restaurant_id, name, image, description, price_range, lunch_opening_time, lunch_closing_time, dinner_opening_time, dinner_closing_time, postal_code, address, phone_number,close_days, created_at) VALUES (7, 'お食事処 いろは', 'restaurant09.jpg', '旬の食材を使った限定メニューが人気です。あたたかいサービスとおいしい料理でお迎えします。', '2000～3000円', '11:30:00', '13:30:00', '17:30:00', NULL, '123-4567', '愛知県名古屋市中区××7丁目7-12', '052-1234-5678', '金曜日', '2025-04-01');
INSERT IGNORE INTO restaurants (restaurant_id, name, image, description, price_range, lunch_opening_time, lunch_closing_time, dinner_opening_time, dinner_closing_time, postal_code, address, phone_number,close_days, created_at) VALUES (8, ' まつり', 'restaurant13.jpg', '旬の食材を使った限定メニューが人気です。あたたかいサービスとおいしい料理でお迎えします。', '～1000円', NULL, '13:30:00', '17:00:00', NULL, '123-4567', '愛知県名古屋市中区××8丁目8-12', '052-1234-5678', '土曜日', '2025-04-01');
INSERT IGNORE INTO restaurants (restaurant_id, name, image, description, price_range, lunch_opening_time, lunch_closing_time, dinner_opening_time, dinner_closing_time, postal_code, address, phone_number,close_days, created_at) VALUES (9, 'Bistro Lumière(ビストロ ルミエール)', 'restaurant03.jpg', '旬の食材を使った限定メニューが人気です。あたたかいサービスとおいしい料理でお迎えします。', '～1000円', '11:30:00', '14:30:00', NULL, '22:00:00', '123-4567', '愛知県名古屋市中区××9丁目9-12', '052-1234-5678', '水曜日', '2025-04-01');
INSERT IGNORE INTO restaurants (restaurant_id, name, image, description, price_range, lunch_opening_time, lunch_closing_time, dinner_opening_time, dinner_closing_time, postal_code, address, phone_number,close_days, created_at) VALUES (10, '韓国料理 チヂミ', 'restaurant12.jpg', '旬の食材を使った限定メニューが人気です。あたたかいサービスとおいしい料理でお迎えします。', '～1000円', '11:00:00', '14:00:00', '18:00:00', '20:00:00', '123-4567', '愛知県名古屋市中区××10丁目10-12', '052-1234-5678', '日曜日', '2025-04-01');
INSERT IGNORE INTO restaurants (restaurant_id, name, image, description, price_range, lunch_opening_time, lunch_closing_time, dinner_opening_time, dinner_closing_time, postal_code, address, phone_number,close_days, created_at) VALUES (11, '龍', 'restaurant15.jpg', '旬の食材を使った限定メニューが人気です。あたたかいサービスとおいしい料理でお迎えします。', '3000～4000円', NULL, NULL, NULL, '21:00:00', '123-4567', '愛知県名古屋市中区××11丁目11-12', '052-1234-5678', '金曜日', '2025-04-01');
INSERT IGNORE INTO restaurants (restaurant_id, name, image, description, price_range, lunch_opening_time, lunch_closing_time, dinner_opening_time, dinner_closing_time, postal_code, address, phone_number,close_days, created_at) VALUES (12, 'ごちそう洋食屋 ポポラ', 'restaurant01.jpg', '旬の食材を使った限定メニューが人気です。あたたかいサービスとおいしい料理でお迎えします。', '4000円～', NULL, NULL, NULL, NULL, '123-4567', '愛知県名古屋市中区××12丁目12-12', '052-1234-5678', '木曜日', '2025-04-01');
INSERT IGNORE INTO restaurants (restaurant_id, name, image, description, price_range, lunch_opening_time, lunch_closing_time, dinner_opening_time, dinner_closing_time, postal_code, address, phone_number,close_days, created_at) VALUES (13, 'フローラ', 'restaurant06.jpg', '旬の食材を使った限定メニューが人気です。あたたかいサービスとおいしい料理でお迎えします。', '1000～2000円', '12:00:00', '14:00:00', '17:30:00', '22:00:00', '123-4567', '愛知県名古屋市中区××13丁目13-12', '052-1234-5678', '日曜日', '2025-04-01');
INSERT IGNORE INTO restaurants (restaurant_id, name, image, description, price_range, lunch_opening_time, lunch_closing_time, dinner_opening_time, dinner_closing_time, postal_code, address, phone_number,close_days, created_at) VALUES (14, 'モカ', 'restaurant07.jpg', '旬の食材を使った限定メニューが人気です。あたたかいサービスとおいしい料理でお迎えします。', '～1000円', '11:30:00', '14:30:00', NULL, '21:00:00', '123-4567', '愛知県名古屋市中区××14丁目14-12', '052-1234-5678', '月曜日', '2025-04-01');
INSERT IGNORE INTO restaurants (restaurant_id, name, image, description, price_range, lunch_opening_time, lunch_closing_time, dinner_opening_time, dinner_closing_time, postal_code, address, phone_number,close_days, created_at) VALUES (15, 'グリル＆ワイン Revo', 'restaurant03.jpg', '旬の食材を使った限定メニューが人気です。あたたかいサービスとおいしい料理でお迎えします。', '3000～4000円', '12:00:00', '13:30:00', NULL, '22:00:00', '123-4567', '愛知県名古屋市中区××15丁目15-12', '052-1234-5678', '火曜日', '2025-04-15');
INSERT IGNORE INTO restaurants (restaurant_id, name, image, description, price_range, lunch_opening_time, lunch_closing_time, dinner_opening_time, dinner_closing_time, postal_code, address, phone_number,close_days, created_at) VALUES (16, 'トコトコ', 'restaurant01.jpg', '旬の食材を使った限定メニューが人気です。あたたかいサービスとおいしい料理でお迎えします。', '1000～2000円', '12:00:00', NULL, NULL, NULL, '123-4567', '愛知県名古屋市中区××16丁目16-12', '052-1234-5678', '木曜日', '2025-04-15');
INSERT IGNORE INTO restaurants (restaurant_id, name, image, description, price_range, lunch_opening_time, lunch_closing_time, dinner_opening_time, dinner_closing_time, postal_code, address, phone_number,close_days, created_at) VALUES (17, '食堂 はなび', 'restaurant13.jpg', '旬の食材を使った限定メニューが人気です。あたたかいサービスとおいしい料理でお迎えします。', '～1000円', NULL, '14:00:00', '17:30:00', '21:00:00', '123-4567', '愛知県名古屋市中区××17丁目17-12', '052-1234-5678', '月曜日', '2025-04-15');
INSERT IGNORE INTO restaurants (restaurant_id, name, image, description, price_range, lunch_opening_time, lunch_closing_time, dinner_opening_time, dinner_closing_time, postal_code, address, phone_number,close_days, created_at) VALUES (18, 'pipi', 'restaurant06.jpg', '旬の食材を使った限定メニューが人気です。あたたかいサービスとおいしい料理でお迎えします。', '4000円～', NULL, '14:00:00', '17:30:00', NULL, '123-4567', '愛知県名古屋市中区××18丁目18-12', '052-1234-5678', '不定休', '2025-04-15');
INSERT IGNORE INTO restaurants (restaurant_id, name, image, description, price_range, lunch_opening_time, lunch_closing_time, dinner_opening_time, dinner_closing_time, postal_code, address, phone_number,close_days, created_at) VALUES (19, 'しずく', 'restaurant14.jpg', '旬の食材を使った限定メニューが人気です。あたたかいサービスとおいしい料理でお迎えします。', '1000～2000円', '11:30:00', '14:30:00', '17:30:00', '21:00:00', '123-4567', '愛知県名古屋市中区××19丁目19-12', '052-1234-5678', '火曜日', '2025-04-15');
INSERT IGNORE INTO restaurants (restaurant_id, name, image, description, price_range, lunch_opening_time, lunch_closing_time, dinner_opening_time, dinner_closing_time, postal_code, address, phone_number,close_days, created_at) VALUES (20, '立ち飲み まるまる', 'restaurant02.jpg', '旬の食材を使った限定メニューが人気です。あたたかいサービスとおいしい料理でお迎えします。', '3000～4000円', NULL, NULL, '17:30:00', NULL, '123-4567', '愛知県名古屋市中区××20丁目20-12', '052-1234-5678', '日曜日', '2025-04-15');
INSERT IGNORE INTO restaurants (restaurant_id, name, image, description, price_range, lunch_opening_time, lunch_closing_time, dinner_opening_time, dinner_closing_time, postal_code, address, phone_number,close_days, created_at) VALUES (21, 'アジア屋台ココナッツ', 'restaurant12.jpg', '旬の食材を使った限定メニューが人気です。あたたかいサービスとおいしい料理でお迎えします。', '3000～4000円', NULL, '14:30:00', NULL, '20:00:00', '123-4567', '愛知県名古屋市中区××21丁目21-12', '052-1234-5678', '月曜日', '2025-04-15');
INSERT IGNORE INTO restaurants (restaurant_id, name, image, description, price_range, lunch_opening_time, lunch_closing_time, dinner_opening_time, dinner_closing_time, postal_code, address, phone_number,close_days, created_at) VALUES (22, '串焼き処 かがり火', 'restaurant14.jpg', '旬の食材を使った限定メニューが人気です。あたたかいサービスとおいしい料理でお迎えします。', '4000円～', NULL, NULL, NULL, '21:00:00', '123-4567', '愛知県名古屋市中区××22丁目22-12', '052-1234-5678', '水曜日', '2025-04-15');
INSERT IGNORE INTO restaurants (restaurant_id, name, image, description, price_range, lunch_opening_time, lunch_closing_time, dinner_opening_time, dinner_closing_time, postal_code, address, phone_number,close_days, created_at) VALUES (23, 'おとなりさん', 'restaurant07.jpg', '旬の食材を使った限定メニューが人気です。あたたかいサービスとおいしい料理でお迎えします。', '～1000円', '11:00:00', NULL, '17:30:00', '20:00:00', '123-4567', '愛知県名古屋市中区××23丁目23-12', '052-1234-5678', '水曜日', '2025-04-15');
INSERT IGNORE INTO restaurants (restaurant_id, name, image, description, price_range, lunch_opening_time, lunch_closing_time, dinner_opening_time, dinner_closing_time, postal_code, address, phone_number,close_days, created_at) VALUES (24, '八宝', 'restaurant15.jpg', '旬の食材を使った限定メニューが人気です。あたたかいサービスとおいしい料理でお迎えします。', '3000～4000円', NULL, NULL, NULL, '21:00:00', '123-4567', '愛知県名古屋市中区××24丁目24-12', '052-1234-5678', '金曜日', '2025-04-15');
INSERT IGNORE INTO restaurants (restaurant_id, name, image, description, price_range, lunch_opening_time, lunch_closing_time, dinner_opening_time, dinner_closing_time, postal_code, address, phone_number,close_days, created_at) VALUES (25, 'らーめん', 'restaurant09.jpg', '旬の食材を使った限定メニューが人気です。あたたかいサービスとおいしい料理でお迎えします。', '～1000円', NULL, '14:30:00', '17:30:00', '22:00:00', '123-4567', '愛知県名古屋市中区××25丁目25-12', '052-1234-5678', '火曜日', '2025-04-15');
INSERT IGNORE INTO restaurants (restaurant_id, name, image, description, price_range, lunch_opening_time, lunch_closing_time, dinner_opening_time, dinner_closing_time, postal_code, address, phone_number,close_days, created_at) VALUES (26, '小籠包と粥', 'restaurant15.jpg', '旬の食材を使った限定メニューが人気です。あたたかいサービスとおいしい料理でお迎えします。', '3000～4000円', '11:00:00', '14:00:00', '18:00:00', '20:00:00', '123-4567', '愛知県名古屋市中区××26丁目26-12', '052-1234-5678', '火曜日', '2025-04-15');
INSERT IGNORE INTO restaurants (restaurant_id, name, image, description, price_range, lunch_opening_time, lunch_closing_time, dinner_opening_time, dinner_closing_time, postal_code, address, phone_number,close_days, created_at) VALUES (27, 'あっとほーむ', 'restaurant07.jpg', '旬の食材を使った限定メニューが人気です。あたたかいサービスとおいしい料理でお迎えします。', '2000～3000円', NULL, NULL, '18:00:00', NULL, '123-4567', '愛知県名古屋市中区××27丁目27-12', '052-1234-5678', '木曜日', '2025-04-15');
INSERT IGNORE INTO restaurants (restaurant_id, name, image, description, price_range, lunch_opening_time, lunch_closing_time, dinner_opening_time, dinner_closing_time, postal_code, address, phone_number,close_days, created_at) VALUES (28, 'はなみずき', 'restaurant01.jpg', '旬の食材を使った限定メニューが人気です。あたたかいサービスとおいしい料理でお迎えします。', '2000～3000円', '12:00:00', '13:30:00', NULL, NULL, '123-4567', '愛知県名古屋市中区××28丁目28-12', '052-1234-5678', '木曜日', '2025-04-15');
INSERT IGNORE INTO restaurants (restaurant_id, name, image, description, price_range, lunch_opening_time, lunch_closing_time, dinner_opening_time, dinner_closing_time, postal_code, address, phone_number,close_days, created_at) VALUES (29, 'ナマステ', 'restaurant12.jpg', '旬の食材を使った限定メニューが人気です。あたたかいサービスとおいしい料理でお迎えします。', '3000～4000円', '11:30:00', '13:30:00', '17:00:00', NULL, '123-4567', '愛知県名古屋市中区××29丁目29-12', '052-1234-5678', '水曜日', '2025-04-15');
INSERT IGNORE INTO restaurants (restaurant_id, name, image, description, price_range, lunch_opening_time, lunch_closing_time, dinner_opening_time, dinner_closing_time, postal_code, address, phone_number,close_days, created_at) VALUES (30, '和バル ひなた', 'restaurant09.jpg', '旬の食材を使った限定メニューが人気です。あたたかいサービスとおいしい料理でお迎えします。', '～1000円', '11:00:00', NULL, NULL, NULL, '123-4567', '愛知県名古屋市中区××30丁目30-12', '052-1234-5678', '水曜日', '2025-04-15');
INSERT IGNORE INTO restaurants (restaurant_id, name, image, description, price_range, lunch_opening_time, lunch_closing_time, dinner_opening_time, dinner_closing_time, postal_code, address, phone_number,close_days, created_at) VALUES (31, 'ぬくぬく', 'restaurant10.jpg', '旬の食材を使った限定メニューが人気です。あたたかいサービスとおいしい料理でお迎えします。', '2000～3000円', '11:30:00', '14:00:00', '17:30:00', '22:00:00', '123-4567', '愛知県名古屋市中区××31丁目31-12', '052-1234-5678', '木曜日', '2025-04-15');
INSERT IGNORE INTO restaurants (restaurant_id, name, image, description, price_range, lunch_opening_time, lunch_closing_time, dinner_opening_time, dinner_closing_time, postal_code, address, phone_number,close_days, created_at) VALUES (32, 'トマト食堂', 'restaurant10.jpg', '旬の食材を使った限定メニューが人気です。あたたかいサービスとおいしい料理でお迎えします。', '～1000円', '11:30:00', '13:30:00', '18:00:00', '22:00:00', '123-4567', '愛知県名古屋市中区××32丁目32-12', '052-1234-5678', '金曜日', '2025-04-15');
INSERT IGNORE INTO restaurants (restaurant_id, name, image, description, price_range, lunch_opening_time, lunch_closing_time, dinner_opening_time, dinner_closing_time, postal_code, address, phone_number,close_days, created_at) VALUES (33, '魚バル', 'restaurant05.jpg', '旬の食材を使った限定メニューが人気です。あたたかいサービスとおいしい料理でお迎えします。', '～1000円', '11:30:00', '14:00:00', '18:00:00', '22:00:00', '123-4567', '愛知県名古屋市中区××33丁目33-12', '052-1234-5678', '水曜日', '2025-04-15');
INSERT IGNORE INTO restaurants (restaurant_id, name, image, description, price_range, lunch_opening_time, lunch_closing_time, dinner_opening_time, dinner_closing_time, postal_code, address, phone_number,close_days, created_at) VALUES (34, '定食酒場', 'restaurant09.jpg', '旬の食材を使った限定メニューが人気です。あたたかいサービスとおいしい料理でお迎えします。', '3000～4000円', '11:30:00', '14:30:00', '18:00:00', NULL, '123-4567', '愛知県名古屋市中区××34丁目34-12', '052-1234-5678', '火曜日', '2025-04-15');
INSERT IGNORE INTO restaurants (restaurant_id, name, image, description, price_range, lunch_opening_time, lunch_closing_time, dinner_opening_time, dinner_closing_time, postal_code, address, phone_number,close_days, created_at) VALUES (35, 'こまつな屋', 'restaurant07.jpg', '旬の食材を使った限定メニューが人気です。あたたかいサービスとおいしい料理でお迎えします。', '2000～3000円', '12:00:00', '13:30:00', NULL, '20:00:00', '123-4567', '愛知県名古屋市中区××35丁目35-12', '052-1234-5678', '土曜日', '2025-04-15');
INSERT IGNORE INTO restaurants (restaurant_id, name, image, description, price_range, lunch_opening_time, lunch_closing_time, dinner_opening_time, dinner_closing_time, postal_code, address, phone_number,close_days, created_at) VALUES (36, 'パスタ屋', 'restaurant01.jpg', '旬の食材を使った限定メニューが人気です。あたたかいサービスとおいしい料理でお迎えします。', '3000～4000円', NULL, '13:30:00', '17:00:00', '21:00:00', '123-4567', '愛知県名古屋市中区××36丁目36-12', '052-1234-5678', '火曜日', '2025-04-15');
INSERT IGNORE INTO restaurants (restaurant_id, name, image, description, price_range, lunch_opening_time, lunch_closing_time, dinner_opening_time, dinner_closing_time, postal_code, address, phone_number,close_days, created_at) VALUES (37, 'お惣菜とスープ', 'restaurant10.jpg', '旬の食材を使った限定メニューが人気です。あたたかいサービスとおいしい料理でお迎えします。', '3000～4000円', '11:00:00', '13:30:00', '18:00:00', '20:00:00', '123-4567', '愛知県名古屋市中区××37丁目37-12', '052-1234-5678', '土曜日', '2025-04-15');
INSERT IGNORE INTO restaurants (restaurant_id, name, image, description, price_range, lunch_opening_time, lunch_closing_time, dinner_opening_time, dinner_closing_time, postal_code, address, phone_number,close_days, created_at) VALUES (38, '野菜のおみせ', 'restaurant10.jpg', '旬の食材を使った限定メニューが人気です。あたたかいサービスとおいしい料理でお迎えします。', '～1000円', NULL, '14:30:00', '18:00:00', NULL, '123-4567', '愛知県名古屋市中区××38丁目38-12', '052-1234-5678', '日曜日', '2025-04-15');
INSERT IGNORE INTO restaurants (restaurant_id, name, image, description, price_range, lunch_opening_time, lunch_closing_time, dinner_opening_time, dinner_closing_time, postal_code, address, phone_number,close_days, created_at) VALUES (39, 'はなまる', 'restaurant05.jpg', '旬の食材を使った限定メニューが人気です。あたたかいサービスとおいしい料理でお迎えします。', '3000～4000円', NULL, '14:00:00', '17:00:00', NULL, '123-4567', '愛知県名古屋市中区××39丁目39-12', '052-1234-5678', '火曜日', '2025-04-15');
INSERT IGNORE INTO restaurants (restaurant_id, name, image, description, price_range, lunch_opening_time, lunch_closing_time, dinner_opening_time, dinner_closing_time, postal_code, address, phone_number,close_days, created_at) VALUES (40, '40', 'restaurant13.jpg', '旬の食材を使った限定メニューが人気です。あたたかいサービスとおいしい料理でお迎えします。', '4000円～', NULL, NULL, NULL, '21:00:00', '123-4567', '愛知県名古屋市中区××40丁目40-12', '052-1234-5678', '月曜日', '2025-04-30');
INSERT IGNORE INTO restaurants (restaurant_id, name, image, description, price_range, lunch_opening_time, lunch_closing_time, dinner_opening_time, dinner_closing_time, postal_code, address, phone_number,close_days, created_at) VALUES (41, 'Kitchen アーモンド', 'restaurant01.jpg', '旬の食材を使った限定メニューが人気です。あたたかいサービスとおいしい料理でお迎えします。', '～1000円', '12:00:00', '13:30:00', '17:00:00', '21:00:00', '123-4567', '愛知県名古屋市中区××41丁目41-12', '052-1234-5678', '木曜日', '2025-04-30');
INSERT IGNORE INTO restaurants (restaurant_id, name, image, description, price_range, lunch_opening_time, lunch_closing_time, dinner_opening_time, dinner_closing_time, postal_code, address, phone_number,close_days, created_at) VALUES (42, '韓国食堂', 'restaurant12.jpg', '旬の食材を使った限定メニューが人気です。あたたかいサービスとおいしい料理でお迎えします。', '～1000円', '12:00:00', '13:30:00', '17:30:00', NULL, '123-4567', '愛知県名古屋市中区××42丁目42-12', '052-1234-5678', '土曜日', '2025-04-30');
INSERT IGNORE INTO restaurants (restaurant_id, name, image, description, price_range, lunch_opening_time, lunch_closing_time, dinner_opening_time, dinner_closing_time, postal_code, address, phone_number,close_days, created_at) VALUES (43, 'サカサカ', 'restaurant06.jpg', '旬の食材を使った限定メニューが人気です。あたたかいサービスとおいしい料理でお迎えします。', '3000～4000円', '11:30:00', '14:30:00', NULL, '22:00:00', '123-4567', '愛知県名古屋市中区××43丁目43-12', '052-1234-5678', '不定休', '2025-04-30');
INSERT IGNORE INTO restaurants (restaurant_id, name, image, description, price_range, lunch_opening_time, lunch_closing_time, dinner_opening_time, dinner_closing_time, postal_code, address, phone_number,close_days, created_at) VALUES (44, '44', 'restaurant03.jpg', '旬の食材を使った限定メニューが人気です。あたたかいサービスとおいしい料理でお迎えします。', '～1000円', NULL, NULL, NULL, '22:00:00', '123-4567', '愛知県名古屋市中区××44丁目44-12', '052-1234-5678', '日曜日', '2025-04-30');
INSERT IGNORE INTO restaurants (restaurant_id, name, image, description, price_range, lunch_opening_time, lunch_closing_time, dinner_opening_time, dinner_closing_time, postal_code, address, phone_number,close_days, created_at) VALUES (45, 'Cafe アジアン', 'restaurant01.jpg', '旬の食材を使った限定メニューが人気です。あたたかいサービスとおいしい料理でお迎えします。', '3000～4000円', '11:00:00', '14:00:00', '18:00:00', '21:00:00', '123-4567', '愛知県名古屋市中区××45丁目45-12', '052-1234-5678', '金曜日', '2025-04-30');
INSERT IGNORE INTO restaurants (restaurant_id, name, image, description, price_range, lunch_opening_time, lunch_closing_time, dinner_opening_time, dinner_closing_time, postal_code, address, phone_number,close_days, created_at) VALUES (46, 'Kitchen くるみ', 'restaurant07.jpg', '旬の食材を使った限定メニューが人気です。あたたかいサービスとおいしい料理でお迎えします。', '2000～3000円', '12:00:00', '13:30:00', NULL, '20:00:00', '123-4567', '愛知県名古屋市中区××46丁目46-12', '052-1234-5678', '土曜日', '2025-04-30');
INSERT IGNORE INTO restaurants (restaurant_id, name, image, description, price_range, lunch_opening_time, lunch_closing_time, dinner_opening_time, dinner_closing_time, postal_code, address, phone_number,close_days, created_at) VALUES (47, '大衆酒場', 'restaurant04.jpg', '旬の食材を使った限定メニューが人気です。あたたかいサービスとおいしい料理でお迎えします。', '1000～2000円', '11:30:00', '13:30:00', '18:00:00', '21:00:00', '123-4567', '愛知県名古屋市中区××47丁目47-12', '052-1234-5678', '木曜日', '2025-04-30');
INSERT IGNORE INTO restaurants (restaurant_id, name, image, description, price_range, lunch_opening_time, lunch_closing_time, dinner_opening_time, dinner_closing_time, postal_code, address, phone_number,close_days, created_at) VALUES (48, '48', 'restaurant15.jpg', '旬の食材を使った限定メニューが人気です。あたたかいサービスとおいしい料理でお迎えします。', '2000～3000円', '11:00:00', '14:30:00', '17:30:00', '21:00:00', '123-4567', '愛知県名古屋市中区××48丁目48-12', '052-1234-5678', '土曜日', '2025-04-30');
INSERT IGNORE INTO restaurants (restaurant_id, name, image, description, price_range, lunch_opening_time, lunch_closing_time, dinner_opening_time, dinner_closing_time, postal_code, address, phone_number,close_days, created_at) VALUES (49, '49', 'restaurant05.jpg', '旬の食材を使った限定メニューが人気です。あたたかいサービスとおいしい料理でお迎えします。', '4000円～', '12:00:00', '14:30:00', '17:00:00', '22:00:00', '123-4567', '愛知県名古屋市中区××49丁目49-12', '052-1234-5678', '木曜日', '2025-04-30');
INSERT IGNORE INTO restaurants (restaurant_id, name, image, description, price_range, lunch_opening_time, lunch_closing_time, dinner_opening_time, dinner_closing_time, postal_code, address, phone_number,close_days, created_at) VALUES (50, '洋食亭 オリーブ', 'restaurant10.jpg', '旬の食材を使った限定メニューが人気です。あたたかいサービスとおいしい料理でお迎えします。', '1000～2000円', '11:00:00', '13:30:00', NULL, NULL, '123-4567', '愛知県名古屋市中区××50丁目50-12', '052-1234-5678', '火曜日', '2025-04-30');
INSERT IGNORE INTO restaurants (restaurant_id, name, image, description, price_range, lunch_opening_time, lunch_closing_time, dinner_opening_time, dinner_closing_time, postal_code, address, phone_number,close_days, created_at) VALUES (51, 'クローバー', 'restaurant15.jpg', '旬の食材を使った限定メニューが人気です。あたたかいサービスとおいしい料理でお迎えします。', '～1000円', NULL, '14:30:00', NULL, NULL, '123-4567', '愛知県名古屋市中区××51丁目51-12', '052-1234-5678', '月曜日', '2025-04-30');
INSERT IGNORE INTO restaurants (restaurant_id, name, image, description, price_range, lunch_opening_time, lunch_closing_time, dinner_opening_time, dinner_closing_time, postal_code, address, phone_number,close_days, created_at) VALUES (52, 'BAMBI', 'restaurant02.jpg', '旬の食材を使った限定メニューが人気です。あたたかいサービスとおいしい料理でお迎えします。', '～1000円', NULL, NULL, '18:00:00', NULL, '123-4567', '愛知県名古屋市中区××52丁目52-12', '052-1234-5678', '不定休', '2025-04-30');
INSERT IGNORE INTO restaurants (restaurant_id, name, image, description, price_range, lunch_opening_time, lunch_closing_time, dinner_opening_time, dinner_closing_time, postal_code, address, phone_number,close_days, created_at) VALUES (53, '森', 'restaurant06.jpg', '旬の食材を使った限定メニューが人気です。あたたかいサービスとおいしい料理でお迎えします。', '4000円～', '11:30:00', '14:30:00', '18:00:00', NULL, '123-4567', '愛知県名古屋市中区××53丁目53-12', '052-1234-5678', '不定休', '2025-04-30');
INSERT IGNORE INTO restaurants (restaurant_id, name, image, description, price_range, lunch_opening_time, lunch_closing_time, dinner_opening_time, dinner_closing_time, postal_code, address, phone_number,close_days, created_at) VALUES (54, 'くるみ庵', 'restaurant07.jpg', '旬の食材を使った限定メニューが人気です。あたたかいサービスとおいしい料理でお迎えします。', '2000円～', '11:30:00', '13:30:00', NULL, '20:00:00', '123-4567', '愛知県名古屋市中区××54丁目54-12', '052-1234-5678', '金曜日', '2025-04-30');
INSERT IGNORE INTO restaurants (restaurant_id, name, image, description, price_range, lunch_opening_time, lunch_closing_time, dinner_opening_time, dinner_closing_time, postal_code, address, phone_number,close_days, created_at) VALUES (55, 'なかなか', 'restaurant09.jpg', '旬の食材を使った限定メニューが人気です。あたたかいサービスとおいしい料理でお迎えします。', '1000円～', '10:00:00', '13:30:00', NULL, '22:00:00', '123-4567', '愛知県名古屋市中区××54丁目54-12', '052-1234-5678', '金曜日', '2025-04-30');
INSERT IGNORE INTO restaurants (restaurant_id, name, image, description, price_range, lunch_opening_time, lunch_closing_time, dinner_opening_time, dinner_closing_time, postal_code, address, phone_number,close_days, created_at) VALUES (56, 'ひより', 'restaurant08.jpg', '旬の食材を使った限定メニューが人気です。あたたかいサービスとおいしい料理でお迎えします。', '3000円～', '11:00:00', '13:30:00', NULL, '20:00:00', '123-4567', '愛知県名古屋市中区××54丁目54-12', '052-1234-5678', '金曜日', '2025-04-30');
INSERT IGNORE INTO restaurants (restaurant_id, name, image, description, price_range, lunch_opening_time, lunch_closing_time, dinner_opening_time, dinner_closing_time, postal_code, address, phone_number,close_days, created_at) VALUES (57, '54', 'restaurant11.jpg', '旬の食材を使った限定メニューが人気です。あたたかいサービスとおいしい料理でお迎えします。', '1000円～', '10:00:00', '13:30:00', '18:00:00', '23:30:00', '123-4567', '愛知県名古屋市中区××54丁目54-12', '052-1234-5678', '金曜日', '2025-04-30');
INSERT IGNORE INTO restaurants (restaurant_id, name, image, description, price_range, lunch_opening_time, lunch_closing_time, dinner_opening_time, dinner_closing_time, postal_code, address, phone_number,close_days, created_at) VALUES (58, 'はなうた', 'restaurant13.jpg', '旬の食材を使った限定メニューが人気です。あたたかいサービスとおいしい料理でお迎えします。', '1000円～', '11:00:00', '13:30:00', NULL, '22:00:00', '123-4567', '愛知県名古屋市中区××54丁目54-12', '052-1234-5678', '金曜日', '2025-04-30');
INSERT IGNORE INTO restaurants (restaurant_id, name, image, description, price_range, lunch_opening_time, lunch_closing_time, dinner_opening_time, dinner_closing_time, postal_code, address, phone_number,close_days, created_at) VALUES (59, 'KASAKASA', 'restaurant14.jpg', '旬の食材を使った限定メニューが人気です。あたたかいサービスとおいしい料理でお迎えします。', '2000円～', '10:30:00', '13:30:00', '18:00:00', '23:30:00', '123-4567', '愛知県名古屋市中区××54丁目54-12', '052-1234-5678', '金曜日', '2025-04-30');

-- roles
INSERT IGNORE INTO roles (role_id, name) VALUES (1, 'ROLE_GENERAL');
INSERT IGNORE INTO roles (role_id, name) VALUES (2, 'ROLE_PREMIUM');
INSERT IGNORE INTO roles (role_id, name) VALUES (3, 'ROLE_ADMIN');

-- users
INSERT IGNORE INTO users (user_id, name, furigana, email, password, postal_code, address, phone_number, role_id, enabled, stripe_customer_id) VALUES (1, '侍 太郎', 'サムライ タロウ', 'taro.samurai@example.com', '$2a$10$2JNjTwZBwo7fprL2X4sv.OEKqxnVtsVQvuXDkI8xVGix.U3W5B7CO', '101-0022', '東京都千代田区神田練塀町300番地', '090-1234-5678', 1, true, NULL);
INSERT IGNORE INTO users (user_id, name, furigana, email, password, postal_code, address, phone_number, role_id, enabled, stripe_customer_id) VALUES (2, '侍 花子', 'サムライ ハナコ', 'hanako.samurai@example.com', '$2a$10$2JNjTwZBwo7fprL2X4sv.OEKqxnVtsVQvuXDkI8xVGix.U3W5B7CO', '101-0022', '東京都千代田区神田練塀町300番地', '090-1234-5678', 3, true, NULL);
INSERT IGNORE INTO users (user_id, name, furigana, email, password, postal_code, address, phone_number, role_id, enabled, stripe_customer_id ) VALUES (3, '侍 義勝', 'サムライ ヨシカツ', 'yoshikatsu.samurai@example.com', '$2a$10$2JNjTwZBwo7fprL2X4sv.OEKqxnVtsVQvuXDkI8xVGix.U3W5B7CO', '638-0644', '奈良県五條市西吉野町湯川X-XX-XX', '090-1234-5678', 2, true, NULL);
INSERT IGNORE INTO users (user_id, name, furigana, email, password, postal_code, address, phone_number, role_id, enabled, stripe_customer_id ) VALUES (4, '侍 幸美', 'サムライ サチミ', 'sachimi.samurai@example.com', '$2a$10$2JNjTwZBwo7fprL2X4sv.OEKqxnVtsVQvuXDkI8xVGix.U3W5B7CO', '342-0006', '埼玉県吉川市南広島X-XX-XX', '090-1234-5678', 2, true, NULL);
INSERT IGNORE INTO users (user_id, name, furigana, email, password, postal_code, address, phone_number, role_id, enabled, stripe_customer_id ) VALUES (5, '侍 雅', 'サムライ ミヤビ', 'miyabi.samurai@example.com', 'password', '527-0209', '滋賀県東近江市佐目町X-XX-XX', '090-1234-5678', 1, false, NULL);
INSERT IGNORE INTO users (user_id, name, furigana, email, password, postal_code, address, phone_number, role_id, enabled, stripe_customer_id ) VALUES (6, '侍 正保', 'サムライ マサヤス', 'masayasu.samurai@example.com', 'password', '989-1203', '宮城県柴田郡大河原町旭町X-XX-XX', '090-1234-5678', 1, false, NULL);
INSERT IGNORE INTO users (user_id, name, furigana, email, password, postal_code, address, phone_number, role_id, enabled, stripe_customer_id ) VALUES (7, '侍 真由美', 'サムライ マユミ', 'mayumi.samurai@example.com', 'password', '951-8015', '新潟県新潟市松岡町X-XX-XX', '090-1234-5678', 1, false, NULL);
INSERT IGNORE INTO users (user_id, name, furigana, email, password, postal_code, address, phone_number, role_id, enabled, stripe_customer_id ) VALUES (8, '侍 安民', 'サムライ ヤスタミ', 'yasutami.samurai@example.com', 'password', '241-0033', '神奈川県横浜市旭区今川町X-XX-XX', '090-1234-5678', 1, false, NULL);
INSERT IGNORE INTO users (user_id, name, furigana, email, password, postal_code, address, phone_number, role_id, enabled, stripe_customer_id ) VALUES (9, '侍 章緒', 'サムライ アキオ', 'akio.samurai@example.com', 'password', '739-2103', '広島県東広島市高屋町宮領X-XX-XX', '090-1234-5678', 1, false, NULL);
INSERT IGNORE INTO users (user_id, name, furigana, email, password, postal_code, address, phone_number, role_id, enabled, stripe_customer_id ) VALUES (10, '侍 祐子', 'サムライ ユウコ', 'yuko.samurai@example.com', 'password', '601-0761', '京都府南丹市美山町高野X-XX-XX', '090-1234-5678', 1, false, NULL);
INSERT IGNORE INTO users (user_id, name, furigana, email, password, postal_code, address, phone_number, role_id, enabled, stripe_customer_id ) VALUES (11, '侍 秋美', 'サムライ アキミ', 'akimi.samurai@example.com', 'password', '606-8235', '京都府京都市左京区田中西春菜町X-XX-XX', '090-1234-5678', 1, false, NULL);
INSERT IGNORE INTO users (user_id, name, furigana, email, password, postal_code, address, phone_number, role_id, enabled, stripe_customer_id ) VALUES (12, '侍 信平', 'サムライ シンペイ', 'shinpei.samurai@example.com', 'password', '673-1324', '兵庫県加東市新定X-XX-XX', '090-1234-5678', 1, false, NULL);

-- reservationsテーブル
INSERT IGNORE INTO reservations (reservation_id, restaurant_id, user_id, reserved_datetime, guest_count) VALUES (1, 1, 1, '2025-05-01 12:30:00', 1);
INSERT IGNORE INTO reservations (reservation_id, restaurant_id, user_id, reserved_datetime, guest_count) VALUES (2, 2, 1, '2025-05-01 12:30:00', 2);
INSERT IGNORE INTO reservations (reservation_id, restaurant_id, user_id, reserved_datetime, guest_count) VALUES (3, 3, 1, '2025-05-01 12:30:00', 3);
INSERT IGNORE INTO reservations (reservation_id, restaurant_id, user_id, reserved_datetime, guest_count) VALUES (4, 4, 1, '2025-05-01 12:30:00', 1);
INSERT IGNORE INTO reservations (reservation_id, restaurant_id, user_id, reserved_datetime, guest_count) VALUES (5, 5, 1, '2025-05-01 12:30:00', 2);
INSERT IGNORE INTO reservations (reservation_id, restaurant_id, user_id, reserved_datetime, guest_count) VALUES (6, 6, 1, '2025-05-01 12:30:00', 3);
INSERT IGNORE INTO reservations (reservation_id, restaurant_id, user_id, reserved_datetime, guest_count) VALUES (7, 7, 1, '2025-05-01 12:30:00', 1);
INSERT IGNORE INTO reservations (reservation_id, restaurant_id, user_id, reserved_datetime, guest_count) VALUES (8, 8, 1, '2025-05-01 12:30:00', 2);
INSERT IGNORE INTO reservations (reservation_id, restaurant_id, user_id, reserved_datetime, guest_count) VALUES (9, 9, 1, '2025-05-01 12:30:00', 3);
INSERT IGNORE INTO reservations (reservation_id, restaurant_id, user_id, reserved_datetime, guest_count) VALUES (10, 10, 1, '2025-05-01 12:30:00', 1);
INSERT IGNORE INTO reservations (reservation_id, restaurant_id, user_id, reserved_datetime, guest_count) VALUES (11, 11, 1, '2025-05-01 12:30:00', 2);
INSERT IGNORE INTO reservations (reservation_id, restaurant_id, user_id, reserved_datetime, guest_count) VALUES (12, 12, 1, '2025-05-01 12:30:00', 3);
INSERT IGNORE INTO reservations (reservation_id, restaurant_id, user_id, reserved_datetime, guest_count) VALUES (13, 13, 1, '2025-05-01 12:30:00', 1);

-- reviewsテーブル
INSERT IGNORE INTO reviews (review_id, restaurant_id, user_id, score, content) VALUES (1, 1, 1, 5, '大変おいしかったです。');
INSERT IGNORE INTO reviews (review_id, restaurant_id, user_id, score, content) VALUES (2, 1, 2, 4, '接客が素敵でした。');
INSERT IGNORE INTO reviews (review_id, restaurant_id, user_id, score, content) VALUES (3, 1, 3, 4, 'メニューが豊富でよかったです。');
INSERT IGNORE INTO reviews (review_id, restaurant_id, user_id, score, content) VALUES (4, 1, 4, 5, '大変おいしかったです。');
INSERT IGNORE INTO reviews (review_id, restaurant_id, user_id, score, content) VALUES (5, 1, 5, 4, '接客が素敵でした。');
INSERT IGNORE INTO reviews (review_id, restaurant_id, user_id, score, content) VALUES (6, 1, 6, 5, 'メニューが豊富でよかったです。');
INSERT IGNORE INTO reviews (review_id, restaurant_id, user_id, score, content) VALUES (7, 1, 7, 4, '大変おいしかったです。');
INSERT IGNORE INTO reviews (review_id, restaurant_id, user_id, score, content) VALUES (8, 1, 8, 3, '接客が素敵でした。');
INSERT IGNORE INTO reviews (review_id, restaurant_id, user_id, score, content) VALUES (9, 1, 9, 4, 'メニューが豊富でよかったです。');
INSERT IGNORE INTO reviews (review_id, restaurant_id, user_id, score, content) VALUES (10, 1, 10, 5, '大変おいしかったです。');
INSERT IGNORE INTO reviews (review_id, restaurant_id, user_id, score, content) VALUES (11, 1, 11, 4, '接客が素敵でした。');
INSERT IGNORE INTO reviews (review_id, restaurant_id, user_id, score, content) VALUES (12, 1, 12, 5, 'メニューが豊富でよかったです。');


-- favoritesテーブル
INSERT IGNORE INTO favorites (favorite_id, restaurant_id, user_id) VALUES (1, 1, 1);
INSERT IGNORE INTO favorites (favorite_id, restaurant_id, user_id) VALUES (2, 2, 1);
INSERT IGNORE INTO favorites (favorite_id, restaurant_id, user_id) VALUES (3, 3, 1);
INSERT IGNORE INTO favorites (favorite_id, restaurant_id, user_id) VALUES (4, 4, 1);
INSERT IGNORE INTO favorites (favorite_id, restaurant_id, user_id) VALUES (5, 5, 1);
INSERT IGNORE INTO favorites (favorite_id, restaurant_id, user_id) VALUES (6, 6, 1);
INSERT IGNORE INTO favorites (favorite_id, restaurant_id, user_id) VALUES (7, 7, 1);
INSERT IGNORE INTO favorites (favorite_id, restaurant_id, user_id) VALUES (8, 8, 1);
INSERT IGNORE INTO favorites (favorite_id, restaurant_id, user_id) VALUES (9, 9, 1);
INSERT IGNORE INTO favorites (favorite_id, restaurant_id, user_id) VALUES (10, 10, 1);
INSERT IGNORE INTO favorites (favorite_id, restaurant_id, user_id) VALUES (11, 11, 1);
INSERT IGNORE INTO favorites (favorite_id, restaurant_id, user_id) VALUES (12, 12, 1);

-- categoriesテーブル
INSERT IGNORE INTO categories (name) VALUES ('和食');
INSERT IGNORE INTO categories (name) VALUES ('うなぎ');
INSERT IGNORE INTO categories (name) VALUES ('麺類');
INSERT IGNORE INTO categories (name) VALUES ('やきとり');
INSERT IGNORE INTO categories (name) VALUES ('カフェ');
INSERT IGNORE INTO categories (name) VALUES ('おでん');
INSERT IGNORE INTO categories (name) VALUES ('丼');
INSERT IGNORE INTO categories (name) VALUES ('洋食');
INSERT IGNORE INTO categories (name) VALUES ('アジア料理');
INSERT IGNORE INTO categories (name) VALUES ('フレンチ');
INSERT IGNORE INTO categories (name) VALUES ('イタリアン');
INSERT IGNORE INTO categories (name) VALUES ('バー');
INSERT IGNORE INTO categories (name) VALUES ('海鮮');
INSERT IGNORE INTO categories (name) VALUES ('居酒屋');

-- category_restaurantsテーブル
INSERT IGNORE INTO category_restaurants (restaurant_id, category_id) VALUES(1, 1);
INSERT IGNORE INTO category_restaurants (restaurant_id, category_id) VALUES(1, 3);
INSERT IGNORE INTO category_restaurants (restaurant_id, category_id) VALUES(2, 8);
INSERT IGNORE INTO category_restaurants (restaurant_id, category_id) VALUES(3, 9);
INSERT IGNORE INTO category_restaurants (restaurant_id, category_id) VALUES(3, 3);
INSERT IGNORE INTO category_restaurants (restaurant_id, category_id) VALUES(4, 5);
INSERT IGNORE INTO category_restaurants (restaurant_id, category_id) VALUES(5, 14);
INSERT IGNORE INTO category_restaurants (restaurant_id, category_id) VALUES(5, 1);
INSERT IGNORE INTO category_restaurants (restaurant_id, category_id) VALUES(6, 3);
INSERT IGNORE INTO category_restaurants (restaurant_id, category_id) VALUES(6, 14);
INSERT IGNORE INTO category_restaurants (restaurant_id, category_id) VALUES(7, 1);
INSERT IGNORE INTO category_restaurants (restaurant_id, category_id) VALUES(8, 13);
INSERT IGNORE INTO category_restaurants (restaurant_id, category_id) VALUES(9, 8);
INSERT IGNORE INTO category_restaurants (restaurant_id, category_id) VALUES(10, 9);
INSERT IGNORE INTO category_restaurants (restaurant_id, category_id) VALUES(11, 1);















